<?xml version='1.0' encoding='utf-8'?>
<project xmlns="http://www.plcopen.org/xml/tc6_0201" xmlns:xsd="http://www.w3.org/2001/XMLSchema" xmlns:xhtml="http://www.w3.org/1999/xhtml" xmlns:ns1="http://www.plcopen.org/xml/tc6_0201">
  <fileHeader companyName="Unknown" productName="Unnamed" productVersion="1" creationDateTime="2025-10-01T09:58:41"/>
  <contentHeader name="Unnamed" modificationDateTime="2025-10-05T20:51:36">
    <coordinateInfo>
      <fbd>
        <scaling x="10" y="10"/>
      </fbd>
      <ld>
        <scaling x="10" y="10"/>
      </ld>
      <sfc>
        <scaling x="10" y="10"/>
      </sfc>
    </coordinateInfo>
  </contentHeader>
  <types>
    <dataTypes/>
    <pous>
      <pou name="program0" pouType="program">
        <interface>
          <localVars>
            <variable name="SensorCaja0" address="%IX0.0">
              <type>
                <BOOL/>
              </type>
              <initialValue>
                <simpleValue value="false"/>
              </initialValue>
            </variable>
            <variable name="SensorCaja1" address="%IX0.1">
              <type>
                <BOOL/>
              </type>
              <initialValue>
                <simpleValue value="false"/>
              </initialValue>
            </variable>
            <variable name="SensorCaja2" address="%IX0.2">
              <type>
                <BOOL/>
              </type>
              <initialValue>
                <simpleValue value="false"/>
              </initialValue>
            </variable>
            <variable name="MotorOut" address="%QX0.0">
              <type>
                <BOOL/>
              </type>
              <initialValue>
                <simpleValue value="false"/>
              </initialValue>
            </variable>
            <variable name="PistonOut1" address="%QX0.1">
              <type>
                <BOOL/>
              </type>
              <initialValue>
                <simpleValue value="false"/>
              </initialValue>
            </variable>
            <variable name="PistonOut2" address="%QX0.2">
              <type>
                <BOOL/>
              </type>
              <initialValue>
                <simpleValue value="false"/>
              </initialValue>
            </variable>
            <variable name="Start" address="%IX0.3">
              <type>
                <BOOL/>
              </type>
              <initialValue>
                <simpleValue value="false"/>
              </initialValue>
            </variable>
            <variable name="Stop" address="%IX0.4">
              <type>
                <BOOL/>
              </type>
              <initialValue>
                <simpleValue value="false"/>
              </initialValue>
            </variable>
            <variable name="Emergency" address="%IX0.5">
              <type>
                <BOOL/>
              </type>
              <initialValue>
                <simpleValue value="false"/>
              </initialValue>
            </variable>
            <variable name="ProcessStart" address="%QX0.6">
              <type>
                <BOOL/>
              </type>
              <initialValue>
                <simpleValue value="false"/>
              </initialValue>
            </variable>
            <variable name="LedStart" address="%QX0.3">
              <type>
                <BOOL/>
              </type>
              <initialValue>
                <simpleValue value="false"/>
              </initialValue>
            </variable>
            <variable name="LedStop" address="%QX0.4">
              <type>
                <BOOL/>
              </type>
              <initialValue>
                <simpleValue value="false"/>
              </initialValue>
            </variable>
            <variable name="LedEmergency" address="%QX0.5">
              <type>
                <BOOL/>
              </type>
              <initialValue>
                <simpleValue value="false"/>
              </initialValue>
            </variable>
          </localVars>
          <localVars>
            <variable name="SR0">
              <type>
                <derived name="SR"/>
              </type>
            </variable>
          </localVars>
        </interface>
        <body>
          <LD>
            <contact localId="1" negated="false" width="21" height="20">
              <position x="160" y="60"/>
              <connectionPointIn>
                <relPosition x="0" y="10"/>
                <connection refLocalId="2">
                  <position x="160" y="70"/>
                  <position x="90" y="70"/>
                </connection>
              </connectionPointIn>
              <connectionPointOut>
                <relPosition x="21" y="10"/>
              </connectionPointOut>
              <variable>Start</variable>
            </contact>
            <leftPowerRail localId="2" width="10" height="40">
              <position x="80" y="50"/>
              <connectionPointOut formalParameter="">
                <relPosition x="10" y="20"/>
              </connectionPointOut>
            </leftPowerRail>
            <contact localId="3" negated="true" width="21" height="20">
              <position x="260" y="60"/>
              <connectionPointIn>
                <relPosition x="0" y="10"/>
                <connection refLocalId="1">
                  <position x="260" y="70"/>
                  <position x="181" y="70"/>
                </connection>
              </connectionPointIn>
              <connectionPointOut>
                <relPosition x="21" y="10"/>
              </connectionPointOut>
              <variable>Stop</variable>
            </contact>
            <contact localId="4" negated="true" width="21" height="20">
              <position x="340" y="60"/>
              <connectionPointIn>
                <relPosition x="0" y="10"/>
                <connection refLocalId="3">
                  <position x="340" y="70"/>
                  <position x="281" y="70"/>
                </connection>
              </connectionPointIn>
              <connectionPointOut>
                <relPosition x="21" y="10"/>
              </connectionPointOut>
              <variable>Emergency</variable>
            </contact>
            <contact localId="8" negated="true" width="21" height="20">
              <position x="170" y="220"/>
              <connectionPointIn>
                <relPosition x="0" y="10"/>
                <connection refLocalId="31">
                  <position x="170" y="230"/>
                  <position x="160" y="230"/>
                  <position x="160" y="205"/>
                  <position x="161" y="205"/>
                  <position x="161" y="160"/>
                  <position x="131" y="160"/>
                </connection>
              </connectionPointIn>
              <connectionPointOut>
                <relPosition x="21" y="10"/>
              </connectionPointOut>
              <variable>SensorCaja0</variable>
            </contact>
            <contact localId="9" negated="true" width="21" height="20">
              <position x="260" y="220"/>
              <connectionPointIn>
                <relPosition x="0" y="10"/>
                <connection refLocalId="8">
                  <position x="260" y="230"/>
                  <position x="191" y="230"/>
                </connection>
              </connectionPointIn>
              <connectionPointOut>
                <relPosition x="21" y="10"/>
              </connectionPointOut>
              <variable>SensorCaja1</variable>
            </contact>
            <contact localId="10" negated="false" width="21" height="20">
              <position x="350" y="220"/>
              <connectionPointIn>
                <relPosition x="0" y="10"/>
                <connection refLocalId="9">
                  <position x="350" y="230"/>
                  <position x="281" y="230"/>
                </connection>
              </connectionPointIn>
              <connectionPointOut>
                <relPosition x="21" y="10"/>
              </connectionPointOut>
              <variable>SensorCaja2</variable>
            </contact>
            <coil localId="11" negated="false" width="21" height="20">
              <position x="440" y="220"/>
              <connectionPointIn>
                <relPosition x="0" y="10"/>
                <connection refLocalId="10">
                  <position x="440" y="230"/>
                  <position x="371" y="230"/>
                </connection>
              </connectionPointIn>
              <connectionPointOut>
                <relPosition x="21" y="10"/>
              </connectionPointOut>
              <variable>PistonOut1</variable>
            </coil>
            <rightPowerRail localId="12" width="10" height="40">
              <position x="500" y="210"/>
              <connectionPointIn>
                <relPosition x="0" y="20"/>
                <connection refLocalId="11">
                  <position x="500" y="230"/>
                  <position x="461" y="230"/>
                </connection>
              </connectionPointIn>
            </rightPowerRail>
            <coil localId="13" negated="false" width="21" height="20">
              <position x="700" y="80"/>
              <connectionPointIn>
                <relPosition x="0" y="10"/>
                <connection refLocalId="37" formalParameter="Q1">
                  <position x="700" y="90"/>
                  <position x="680" y="90"/>
                  <position x="680" y="125"/>
                  <position x="890" y="125"/>
                  <position x="890" y="160"/>
                  <position x="800" y="160"/>
                </connection>
              </connectionPointIn>
              <connectionPointOut>
                <relPosition x="21" y="10"/>
              </connectionPointOut>
              <variable>ProcessStart</variable>
            </coil>
            <contact localId="18" negated="true" width="21" height="20">
              <position x="260" y="290"/>
              <connectionPointIn>
                <relPosition x="0" y="10"/>
                <connection refLocalId="8">
                  <position x="260" y="300"/>
                  <position x="225" y="300"/>
                  <position x="225" y="230"/>
                  <position x="191" y="230"/>
                </connection>
              </connectionPointIn>
              <connectionPointOut>
                <relPosition x="21" y="10"/>
              </connectionPointOut>
              <variable>SensorCaja1</variable>
            </contact>
            <coil localId="19" negated="false" width="21" height="20">
              <position x="440" y="290"/>
              <connectionPointIn>
                <relPosition x="0" y="10"/>
                <connection refLocalId="36">
                  <position x="440" y="300"/>
                  <position x="371" y="300"/>
                </connection>
              </connectionPointIn>
              <connectionPointOut>
                <relPosition x="21" y="10"/>
              </connectionPointOut>
              <variable>PistonOut2</variable>
            </coil>
            <rightPowerRail localId="20" width="10" height="40">
              <position x="500" y="280"/>
              <connectionPointIn>
                <relPosition x="0" y="20"/>
                <connection refLocalId="19">
                  <position x="500" y="300"/>
                  <position x="461" y="300"/>
                </connection>
              </connectionPointIn>
            </rightPowerRail>
            <leftPowerRail localId="21" width="10" height="40">
              <position x="90" y="390"/>
              <connectionPointOut formalParameter="">
                <relPosition x="10" y="20"/>
              </connectionPointOut>
            </leftPowerRail>
            <contact localId="22" negated="false" width="21" height="20">
              <position x="170" y="400"/>
              <connectionPointIn>
                <relPosition x="0" y="10"/>
                <connection refLocalId="21">
                  <position x="170" y="410"/>
                  <position x="100" y="410"/>
                </connection>
              </connectionPointIn>
              <connectionPointOut>
                <relPosition x="21" y="10"/>
              </connectionPointOut>
              <variable>SensorCaja0</variable>
            </contact>
            <contact localId="23" negated="true" width="21" height="20">
              <position x="260" y="400"/>
              <connectionPointIn>
                <relPosition x="0" y="10"/>
                <connection refLocalId="22">
                  <position x="260" y="410"/>
                  <position x="191" y="410"/>
                </connection>
              </connectionPointIn>
              <connectionPointOut>
                <relPosition x="21" y="10"/>
              </connectionPointOut>
              <variable>SensorCaja1</variable>
            </contact>
            <contact localId="24" negated="true" width="21" height="20">
              <position x="360" y="400"/>
              <connectionPointIn>
                <relPosition x="0" y="10"/>
                <connection refLocalId="23">
                  <position x="360" y="410"/>
                  <position x="281" y="410"/>
                </connection>
              </connectionPointIn>
              <connectionPointOut>
                <relPosition x="21" y="10"/>
              </connectionPointOut>
              <variable>SensorCaja2</variable>
            </contact>
            <contact localId="27" negated="true" width="21" height="20">
              <position x="260" y="450"/>
              <connectionPointIn>
                <relPosition x="0" y="10"/>
                <connection refLocalId="22">
                  <position x="260" y="460"/>
                  <position x="245" y="460"/>
                  <position x="245" y="410"/>
                  <position x="191" y="410"/>
                </connection>
              </connectionPointIn>
              <connectionPointOut>
                <relPosition x="21" y="10"/>
              </connectionPointOut>
              <variable>SensorCaja1</variable>
            </contact>
            <contact localId="28" negated="false" width="21" height="20">
              <position x="360" y="450"/>
              <connectionPointIn>
                <relPosition x="0" y="10"/>
                <connection refLocalId="27">
                  <position x="360" y="460"/>
                  <position x="281" y="460"/>
                </connection>
              </connectionPointIn>
              <connectionPointOut>
                <relPosition x="21" y="10"/>
              </connectionPointOut>
              <variable>SensorCaja2</variable>
            </contact>
            <contact localId="29" negated="false" width="21" height="20">
              <position x="260" y="350"/>
              <connectionPointIn>
                <relPosition x="0" y="10"/>
                <connection refLocalId="8">
                  <position x="260" y="360"/>
                  <position x="225" y="360"/>
                  <position x="225" y="230"/>
                  <position x="191" y="230"/>
                </connection>
              </connectionPointIn>
              <connectionPointOut>
                <relPosition x="21" y="10"/>
              </connectionPointOut>
              <variable>SensorCaja1</variable>
            </contact>
            <contact localId="30" negated="true" width="21" height="20">
              <position x="350" y="350"/>
              <connectionPointIn>
                <relPosition x="0" y="10"/>
                <connection refLocalId="29">
                  <position x="350" y="360"/>
                  <position x="281" y="360"/>
                </connection>
              </connectionPointIn>
              <connectionPointOut>
                <relPosition x="21" y="10"/>
              </connectionPointOut>
              <variable>SensorCaja2</variable>
            </contact>
            <contact localId="31" negated="false" width="21" height="20">
              <position x="110" y="150"/>
              <connectionPointIn>
                <relPosition x="0" y="10"/>
                <connection refLocalId="32">
                  <position x="110" y="160"/>
                  <position x="95" y="160"/>
                  <position x="95" y="180"/>
                  <position x="80" y="180"/>
                </connection>
              </connectionPointIn>
              <connectionPointOut>
                <relPosition x="21" y="10"/>
              </connectionPointOut>
              <variable>ProcessStart</variable>
            </contact>
            <leftPowerRail localId="32" width="10" height="40">
              <position x="70" y="160"/>
              <connectionPointOut formalParameter="">
                <relPosition x="10" y="20"/>
              </connectionPointOut>
            </leftPowerRail>
            <coil localId="33" negated="false" width="21" height="20">
              <position x="270" y="170"/>
              <connectionPointIn>
                <relPosition x="0" y="10"/>
                <connection refLocalId="41">
                  <position x="270" y="180"/>
                  <position x="220" y="180"/>
                </connection>
              </connectionPointIn>
              <connectionPointOut>
                <relPosition x="21" y="10"/>
              </connectionPointOut>
              <variable>MotorOut</variable>
            </coil>
            <rightPowerRail localId="34" width="10" height="40">
              <position x="320" y="160"/>
              <connectionPointIn>
                <relPosition x="0" y="20"/>
                <connection refLocalId="33">
                  <position x="320" y="180"/>
                  <position x="291" y="180"/>
                </connection>
                <connection refLocalId="33">
                  <position x="320" y="180"/>
                  <position x="291" y="180"/>
                </connection>
              </connectionPointIn>
            </rightPowerRail>
            <contact localId="36" negated="true" width="21" height="20">
              <position x="350" y="290"/>
              <connectionPointIn>
                <relPosition x="0" y="10"/>
                <connection refLocalId="18">
                  <position x="350" y="300"/>
                  <position x="281" y="300"/>
                </connection>
              </connectionPointIn>
              <connectionPointOut>
                <relPosition x="21" y="10"/>
              </connectionPointOut>
              <variable>SensorCaja2</variable>
            </contact>
            <block localId="37" typeName="SR" instanceName="SR0" width="50" height="60">
              <position x="750" y="130"/>
              <inputVariables>
                <variable formalParameter="S1">
                  <connectionPointIn>
                    <relPosition x="0" y="30"/>
                    <connection refLocalId="4">
                      <position x="750" y="160"/>
                      <position x="497" y="160"/>
                      <position x="497" y="70"/>
                      <position x="361" y="70"/>
                    </connection>
                  </connectionPointIn>
                </variable>
                <variable formalParameter="R">
                  <connectionPointIn>
                    <relPosition x="0" y="50"/>
                    <connection refLocalId="43">
                      <position x="750" y="180"/>
                      <position x="581" y="180"/>
                    </connection>
                  </connectionPointIn>
                </variable>
              </inputVariables>
              <inOutVariables/>
              <outputVariables>
                <variable formalParameter="Q1">
                  <connectionPointOut>
                    <relPosition x="50" y="30"/>
                  </connectionPointOut>
                </variable>
              </outputVariables>
            </block>
            <rightPowerRail localId="38" width="10" height="40">
              <position x="730" y="70"/>
              <connectionPointIn>
                <relPosition x="0" y="20"/>
                <connection refLocalId="13">
                  <position x="730" y="90"/>
                  <position x="721" y="90"/>
                </connection>
              </connectionPointIn>
            </rightPowerRail>
            <contact localId="39" negated="false" width="21" height="20">
              <position x="260" y="500"/>
              <connectionPointIn>
                <relPosition x="0" y="10"/>
                <connection refLocalId="22">
                  <position x="260" y="510"/>
                  <position x="225" y="510"/>
                  <position x="225" y="410"/>
                  <position x="191" y="410"/>
                </connection>
              </connectionPointIn>
              <connectionPointOut>
                <relPosition x="21" y="10"/>
              </connectionPointOut>
              <variable>SensorCaja1</variable>
            </contact>
            <contact localId="40" negated="true" width="21" height="20">
              <position x="370" y="500"/>
              <connectionPointIn>
                <relPosition x="0" y="10"/>
                <connection refLocalId="39">
                  <position x="370" y="510"/>
                  <position x="281" y="510"/>
                </connection>
              </connectionPointIn>
              <connectionPointOut>
                <relPosition x="21" y="10"/>
              </connectionPointOut>
              <variable>SensorCaja2</variable>
            </contact>
            <coil localId="41" negated="false" width="21" height="20">
              <position x="200" y="170"/>
              <connectionPointIn>
                <relPosition x="0" y="10"/>
                <connection refLocalId="31">
                  <position x="200" y="180"/>
                  <position x="165" y="180"/>
                  <position x="165" y="160"/>
                  <position x="131" y="160"/>
                </connection>
              </connectionPointIn>
              <connectionPointOut>
                <relPosition x="21" y="10"/>
              </connectionPointOut>
              <variable>LedStart</variable>
            </coil>
            <coil localId="42" negated="false" width="21" height="20">
              <position x="530" y="400"/>
              <connectionPointIn>
                <relPosition x="0" y="10"/>
                <connection refLocalId="30">
                  <position x="530" y="410"/>
                  <position x="435" y="410"/>
                  <position x="435" y="360"/>
                  <position x="371" y="360"/>
                </connection>
                <connection refLocalId="24">
                  <position x="530" y="410"/>
                  <position x="381" y="410"/>
                </connection>
                <connection refLocalId="28">
                  <position x="530" y="410"/>
                  <position x="440" y="410"/>
                  <position x="440" y="460"/>
                  <position x="381" y="460"/>
                </connection>
                <connection refLocalId="40">
                  <position x="530" y="410"/>
                  <position x="460" y="410"/>
                  <position x="460" y="510"/>
                  <position x="391" y="510"/>
                </connection>
              </connectionPointIn>
              <connectionPointOut>
                <relPosition x="21" y="10"/>
              </connectionPointOut>
              <variable>LedEmergency</variable>
            </coil>
            <coil localId="43" negated="false" width="21" height="20">
              <position x="560" y="170"/>
              <connectionPointIn>
                <relPosition x="0" y="10"/>
                <connection refLocalId="42">
                  <position x="560" y="180"/>
                  <position x="550" y="180"/>
                  <position x="550" y="295"/>
                  <position x="561" y="295"/>
                  <position x="561" y="410"/>
                  <position x="551" y="410"/>
                </connection>
                <connection refLocalId="3">
                  <position x="560" y="180"/>
                  <position x="330" y="180"/>
                  <position x="330" y="70"/>
                  <position x="281" y="70"/>
                </connection>
              </connectionPointIn>
              <connectionPointOut>
                <relPosition x="21" y="10"/>
              </connectionPointOut>
              <variable>LedStop</variable>
            </coil>
          </LD>
        </body>
      </pou>
    </pous>
  </types>
  <instances>
    <configurations>
      <configuration name="Config0">
        <resource name="Res0">
          <task name="task0" priority="0" interval="T#20ms">
            <pouInstance name="instance0" typeName="program0"/>
          </task>
        </resource>
      </configuration>
    </configurations>
  </instances>
</project>
